Race,Working Hours,Education,Marital Status,Occupation,Industry,IsBusinessOwner,livesInCity,Medical Condition,Age
1,40,34,1,6200,770,1,1,0,47
1,45,39,6,7750,3960,1,1,0,22
1,40,44,6,2010,8090,1,1,0,43
1,44,42,4,3850,9470,1,1,0,50
2,40,41,4,9120,6180,1,1,0,63
1,30,43,6,5620,8170,1,1,4,32
2,40,43,4,4220,8660,1,1,0,60
1,40,39,6,5240,6890,1,1,0,49
3,5,41,6,2200,7870,1,0,0,21
1,30,40,6,4010,8680,1,1,0,20
2,0,41,6,4760,5275,1,1,0,21
4,55,42,4,6355,470,1,2,0,40
1,40,39,1,7010,7580,1,2,0,35
1,43,44,1,7315,770,1,2,0,43
1,11,39,6,4610,8170,1,1,0,30
1,25,38,6,6260,770,1,1,0,32
1,48,41,1,3420,8190,1,1,0,36
1,42,41,1,810,7490,2,1,0,39
1,40,42,1,3320,8190,1,1,0,56
1,40,39,1,6260,770,1,1,0,59
1,45,44,6,2000,8290,1,1,0,29
1,6,39,3,9120,7860,1,1,3,61
1,55,41,1,9600,370,1,1,0,26
1,40,42,1,5630,2070,1,1,0,53
4,40,39,1,430,6070,1,1,0,45
1,45,40,1,5510,6380,1,1,0,41
1,40,43,1,910,6870,1,1,0,39
1,45,40,1,9840,9590,1,2,0,44
1,45,41,1,7420,6670,1,1,0,40
1,40,43,1,2010,8370,1,1,0,41
1,40,39,4,5160,6870,1,2,0,55
1,40,42,1,9120,7860,1,2,0,53
1,40,39,1,4965,5380,1,2,0,59
1,40,43,1,4760,5380,1,2,0,58
4,35,39,1,9600,5380,1,2,0,58
1,40,43,1,5160,6870,1,2,0,28
1,30,44,1,10,9370,1,2,0,57
1,69,33,1,4720,8680,2,2,0,51
1,69,33,1,4020,8680,2,2,0,54
1,50,39,1,1105,6680,1,2,0,43
1,40,39,1,2160,7270,1,2,0,43
1,40,41,1,6230,7070,1,2,30,40
1,6,37,6,5620,4970,1,2,0,17
1,40,41,4,5940,7870,1,1,0,56
1,40,39,1,940,9380,1,1,0,55
1,24,39,1,4030,8680,1,2,0,65
1,40,43,4,5700,7860,1,1,0,46
1,40,39,6,4640,7870,1,1,0,19
1,1,36,6,5860,7390,1,1,0,17
1,10,43,4,410,7070,2,1,0,51
2,30,39,6,3600,8170,1,1,0,45
1,3,43,1,4710,4380,2,2,0,78
1,60,39,1,205,170,2,2,0,57
1,55,42,1,50,3570,1,2,0,62
1,20,44,6,2340,7870,1,2,0,31
1,50,44,1,1740,370,1,1,0,58
2,50,46,1,5400,8190,1,1,0,67
2,40,46,1,2200,7870,1,1,0,65
1,50,43,1,1740,370,2,1,0,75
1,35,44,6,2850,8560,2,2,30,39
1,30,42,6,4020,8680,1,2,0,23
1,40,39,1,5320,6770,1,2,0,52
1,40,39,1,8220,3070,1,2,0,52
1,47,39,1,4200,7070,1,2,0,56
1,32,39,1,5160,6870,1,2,0,61
1,20,41,1,9120,7860,1,2,0,55
1,55,43,1,850,7870,1,2,0,51
1,32,42,1,5940,8370,1,2,0,55
1,20,43,1,205,170,2,2,0,70
1,25,41,6,4110,8680,1,2,0,22
1,50,43,1,120,6290,1,2,0,44
4,40,43,1,136,7870,1,2,0,42
1,20,41,1,4120,8290,1,2,0,63
1,30,39,1,5240,5380,1,2,30,62
4,30,41,1,7800,8680,2,1,0,49
1,60,42,1,2720,7870,1,1,0,45
1,40,46,1,3000,7990,2,2,0,58
1,40,43,1,5000,7290,1,2,0,51
1,2,41,3,8320,2190,2,2,0,79
1,45,43,1,430,1190,1,2,0,62
1,60,43,1,10,2290,1,1,0,43
4,4,38,6,4720,5275,1,1,0,18
4,6,31,6,5620,4970,1,1,0,15
1,55,43,1,4850,3570,2,1,0,48
1,40,44,1,1860,9170,1,1,0,49
1,24,42,1,3255,8190,1,1,0,38
1,20,41,1,6230,770,2,1,0,53
1,55,43,1,2320,7860,1,1,0,39
1,44,34,1,6330,770,1,1,0,42
1,37,33,1,4220,7690,1,1,0,43
1,40,40,2,4720,4880,1,1,0,19
1,65,43,1,800,7280,1,1,0,52
1,20,41,6,5620,4970,1,1,0,20
1,20,39,1,9120,7860,1,1,19,66
1,0,39,1,5700,7860,1,1,0,67
4,40,40,1,7330,2480,1,1,0,59
1,40,43,4,2630,2980,1,1,0,54
1,40,41,4,5820,6370,1,1,0,43
1,1,43,1,1320,3580,1,1,0,28
1,50,39,1,4850,4470,1,1,0,51
1,40,41,4,6260,770,1,1,0,31
1,50,41,6,7700,1180,1,1,0,33
1,40,43,6,2310,7860,1,1,0,30
1,36,43,1,3300,8190,1,1,0,57
1,6,39,1,100,7290,1,1,20,50
1,20,43,1,2340,8570,1,1,0,42
1,40,40,1,4220,7860,1,1,19,54
1,40,39,1,5620,6070,1,1,0,61
1,30,39,1,3645,7970,1,1,0,60
4,30,41,6,4020,8680,1,1,0,21
4,30,40,6,4020,8680,1,1,0,22
1,40,35,1,4250,7770,2,1,0,58
1,45,39,6,4760,4770,1,1,0,23
1,40,33,3,9750,6170,1,1,0,52
1,40,43,1,3255,7970,1,1,0,60
1,55,42,6,20,8680,1,1,0,38
1,50,44,1,940,7280,2,1,0,53
1,50,39,2,910,6890,1,1,0,51
1,10,44,1,2700,7390,2,1,0,51
1,60,44,1,230,9890,1,1,0,54
1,6,42,6,5260,7870,1,1,0,23
1,6,42,6,5260,7870,1,1,0,22
1,30,40,4,5700,4690,1,2,0,37
1,40,46,3,2200,7870,1,1,0,87
1,38,36,4,4720,5070,1,1,0,38
1,15,43,1,5310,9570,1,1,0,52
1,40,40,1,8030,2880,1,1,0,52
1,40,41,1,5700,7860,1,1,0,53
1,40,44,2,1320,6070,1,1,0,67
1,40,43,4,5240,6070,1,1,0,51
1,50,40,4,9120,6180,1,1,10,48
3,3,43,1,4710,4380,2,1,0,65
3,40,43,1,430,590,1,1,0,59
1,40,32,4,6260,770,1,1,0,53
4,40,43,1,136,8190,1,2,0,51
4,45,39,1,6200,770,1,2,0,50
1,38,39,1,8740,2370,1,2,0,57
1,25,39,3,9120,7860,1,2,0,74
1,40,39,6,5240,7590,1,1,0,19
1,40,39,1,6260,770,1,1,19,62
4,48,36,4,4610,8170,1,2,0,38
4,42,39,1,4720,5380,1,2,0,31
4,62,41,1,6820,490,1,2,0,31
1,20,43,1,5120,170,1,2,0,36
1,69,43,1,205,180,2,2,0,39
1,50,41,1,7330,1180,1,2,0,64
1,60,43,1,2310,7860,1,2,0,61
1,25,42,1,5700,7990,1,1,0,40
1,45,45,1,3000,7990,2,1,0,45
1,15,39,6,7630,7070,2,1,0,48
1,17,42,6,9120,7860,1,2,0,26
4,40,40,6,4020,8680,1,2,3,29
1,10,41,6,1760,7870,1,1,0,20
1,6,40,6,5260,7870,1,1,0,22
1,50,39,1,430,7290,1,2,0,52
1,40,39,1,5120,3960,2,2,0,25
1,50,43,1,8760,7980,2,2,0,28
1,30,40,4,4760,4970,1,2,0,49
1,45,39,1,7750,3070,1,2,10,30
1,40,39,1,4220,7860,1,2,19,30
1,40,39,1,5700,9470,1,2,0,54
1,38,41,1,7810,1180,1,2,0,38
1,10,42,1,6260,770,2,2,0,68
1,40,42,6,7630,570,1,2,0,25
1,40,41,6,5310,8190,1,2,0,32
1,40,40,1,850,6870,1,2,0,52
1,30,41,6,4010,8680,1,2,0,21
1,6,40,6,4010,8680,1,2,0,22
1,50,39,4,6230,770,2,2,0,49
1,10,41,6,5410,6070,1,2,30,48
1,40,41,6,726,7590,1,2,0,22
1,40,43,6,4010,8690,2,2,0,39
4,30,39,1,5160,6870,1,2,0,23
1,40,43,1,430,7290,1,2,0,24
1,40,43,1,50,8170,1,2,0,49
1,10,36,6,4760,5170,1,2,0,17
1,35,39,1,8740,770,1,1,0,51
1,40,39,1,2200,7880,1,1,0,51
1,37,44,1,2320,7860,1,1,0,52
1,55,40,1,5000,6370,1,1,0,56
1,40,39,1,3640,7980,1,1,0,60
1,40,42,3,4220,2590,1,2,0,53
1,55,39,4,4600,8470,2,1,0,47
1,24,43,3,2010,8370,1,1,0,70
1,40,44,1,50,8370,1,1,0,44
1,40,43,1,430,7380,1,1,0,45
4,15,41,6,4720,5370,1,1,0,21
1,2,45,1,2100,7270,2,1,0,59
1,55,44,1,430,7290,1,1,0,58
1,40,39,1,810,7490,2,1,0,36
1,40,43,1,800,7270,1,1,0,40
1,45,41,1,50,4795,1,1,0,40
1,9,39,1,2750,8560,2,1,0,68
1,40,40,1,6660,9570,1,1,0,64
1,55,46,1,2200,7870,1,1,0,43
3,55,44,1,430,6890,1,1,0,39
1,36,42,1,3320,8190,1,1,0,41
1,36,42,1,3320,8190,1,1,0,34
1,40,37,4,8740,4770,1,1,0,58
1,10,42,1,5120,7390,2,2,3,46
1,69,44,1,710,7390,2,2,0,46
1,40,43,6,3300,8190,1,0,0,58
1,45,43,6,430,1070,1,0,0,33
1,48,39,6,5610,5380,1,0,0,36
1,40,43,1,3300,8190,1,1,0,53
1,1,43,1,3300,8190,1,1,0,49
1,40,42,1,1410,3170,1,0,0,63
1,50,43,1,300,3580,1,0,0,53
1,20,39,4,4220,9070,1,0,10,67
1,25,41,4,2000,7860,1,0,0,64
1,40,43,1,5120,7280,1,1,0,59
1,45,39,1,7010,3570,1,1,10,59
1,30,39,1,5160,6870,1,1,0,24
1,0,39,1,7560,490,1,1,0,22
1,55,43,4,9120,6290,2,1,0,51
1,8,41,6,4720,5070,1,1,19,49
1,56,43,6,9130,4870,1,1,0,25
1,55,43,1,2320,7860,1,1,0,51
1,50,39,1,9130,4870,1,1,3,52
1,40,43,1,230,6770,1,1,0,56
1,32,43,1,726,8370,1,0,0,42
1,55,45,1,2100,9470,1,0,0,41
1,69,40,1,6050,170,2,2,0,81
1,40,41,1,7010,5480,1,1,0,45
1,38,42,1,4700,5580,2,1,0,52
4,40,43,1,4700,5580,2,1,0,56
2,40,36,1,4230,7690,1,1,0,78
1,40,39,3,5700,7860,1,1,0,73
1,69,43,6,710,6990,1,1,0,45
1,5,43,1,4420,6570,1,1,0,71
1,40,43,1,2320,7860,1,2,0,43
1,3,44,6,6050,180,2,2,0,80
1,8,39,1,5550,6370,1,2,0,35
1,40,35,1,6050,170,1,2,0,48
1,45,44,6,430,1070,1,0,0,29
1,40,43,4,425,9490,1,0,0,47
1,26,37,1,4700,4970,1,2,0,51
2,50,39,1,8740,2790,1,2,0,53
1,30,37,3,5220,9370,1,2,0,61
3,40,46,1,1610,7460,1,2,0,49
3,40,43,1,1965,7460,1,2,0,48
3,10,41,6,1030,7870,1,2,0,20
1,40,42,6,4230,8660,1,1,0,47
1,32,41,6,4760,5180,1,1,36,27
1,36,39,1,9415,6180,1,1,0,62
1,40,39,1,9120,6180,1,1,0,63
1,60,39,3,4600,8470,2,2,0,67
1,50,40,1,4600,8470,2,2,0,42
1,50,40,1,9620,3180,1,2,0,47
1,20,37,6,4610,8370,1,2,0,18
1,50,39,4,6240,770,1,1,0,43
1,12,43,4,4600,7860,1,1,0,63
1,40,39,1,430,6370,1,1,0,61
1,30,39,1,430,770,2,1,0,68
1,40,40,1,4020,8680,1,1,0,41
1,34,43,1,5860,6970,1,1,0,49
1,69,43,1,710,7390,2,1,0,48
1,38,42,6,3320,8190,1,2,0,41
4,11,39,4,4610,8170,1,2,0,32
1,40,39,6,9600,1180,1,2,0,40
1,40,41,1,4220,7860,1,2,4,67
1,37,41,1,5700,7860,1,2,0,66
1,40,39,4,9000,7790,1,2,0,44
1,40,39,4,2015,9470,1,2,0,41
1,5,36,6,4220,7860,1,2,0,16
1,20,37,6,4050,8680,1,2,0,17
1,42,42,1,220,770,1,1,30,44
1,40,39,1,5700,6990,1,1,0,47
1,38,40,1,4720,8590,1,2,0,72
1,15,43,1,5120,170,2,2,0,73
1,40,39,1,7750,770,1,0,0,56
1,12,37,6,4600,8470,1,0,0,20
1,5,40,1,4950,5690,2,1,18,30
1,40,39,1,7340,6180,1,1,0,35
1,40,43,1,2840,3190,1,2,0,61
1,40,41,1,3645,8070,1,2,0,60
1,25,44,6,4850,4590,1,2,0,68
1,40,43,1,4810,6990,2,1,0,61
1,40,44,1,3230,7860,1,1,0,62
1,40,39,1,8220,3580,1,1,0,58
1,40,41,1,5400,7970,1,1,0,59
1,6,40,1,430,7070,1,1,0,79
1,15,39,1,4920,7070,2,1,0,78
1,20,35,6,8740,7470,1,1,0,26
2,40,44,1,5810,8370,1,1,0,37
2,60,43,1,50,8370,1,1,0,39
1,16,39,1,9640,7580,1,1,0,39
1,40,43,1,2330,7860,1,1,0,39
1,40,39,1,5700,9160,1,1,0,59
1,45,44,1,430,6690,1,1,0,49
1,50,44,1,2310,7860,1,1,0,48
1,30,43,1,2630,7370,2,1,0,45
1,50,43,1,4840,7390,2,1,0,48
1,1,34,6,5860,7390,1,1,0,15
1,1,34,6,5860,7390,1,1,0,15
2,20,44,3,2040,9160,1,1,0,74
1,25,43,1,2340,7890,2,1,0,63
1,55,43,1,350,8190,1,1,0,65
1,69,43,1,205,180,2,1,0,63
1,69,35,1,205,180,1,1,0,59
1,40,42,6,6050,180,1,1,0,27
1,40,39,1,2540,7860,1,1,0,46
1,40,43,1,2910,7490,2,1,0,50
1,40,44,3,430,9090,2,1,0,57
1,38,44,1,430,9480,1,1,0,51
1,38,42,1,5400,9480,1,1,0,49
1,40,39,1,1050,7380,1,1,0,46
1,30,39,1,520,7390,1,1,3,46
1,15,43,1,5310,7880,2,0,0,40
1,45,40,1,2910,1680,1,0,0,41
1,35,42,6,7560,490,1,1,0,23
1,40,42,4,5700,9090,1,2,0,65
1,30,40,6,5160,7680,1,1,0,27
1,30,39,1,5420,8590,1,1,0,57
1,45,44,1,350,9160,1,1,0,60
1,40,39,1,430,8080,1,1,0,59
1,2,46,1,2200,7860,2,0,0,71
1,40,44,1,2040,9160,1,0,0,52
1,40,43,1,5620,4970,1,1,0,61
1,37,41,1,5120,4690,1,1,30,61
1,40,39,1,3400,7860,1,0,0,49
1,5,39,1,3540,9480,1,0,0,52
1,36,36,1,7855,1070,1,2,0,29
1,16,39,1,9640,7580,1,2,0,42
1,38,39,1,8800,1180,1,0,0,61
1,40,39,6,5610,5380,1,0,0,36
1,48,39,6,9640,7580,1,0,0,32
1,40,41,1,1060,490,1,1,0,53
1,42,43,1,4700,5170,1,1,0,51
1,40,41,6,4700,5380,1,1,0,22
1,10,40,6,4250,7770,2,1,0,24
1,40,41,1,5700,7270,1,1,0,63
1,40,41,1,3255,8090,1,1,0,57
1,40,42,6,310,8680,1,1,0,26
1,55,41,4,20,4090,1,1,0,63
1,45,39,1,4600,8470,2,2,0,51
1,16,39,1,5530,680,1,2,0,51
1,40,43,1,565,9570,1,1,0,65
1,40,42,6,1540,7290,1,1,0,33
1,40,43,1,7430,8790,1,1,0,54
1,40,44,1,3255,6990,1,1,0,51
1,8,36,6,4760,5275,1,1,0,18
1,40,39,1,1050,1170,1,0,0,62
1,40,39,2,7200,4670,1,0,0,22
4,40,41,1,100,7290,1,1,0,48
1,45,39,1,7210,4560,1,1,0,50
4,40,38,6,5620,4560,1,1,0,18
1,40,39,6,8600,570,1,1,0,54
2,59,43,4,4760,4670,1,1,0,26
1,30,41,4,6260,770,2,1,0,74
1,40,42,6,1050,9370,1,1,0,54
1,24,39,6,4110,8680,1,1,0,36
1,45,43,6,1520,490,1,1,0,24
4,69,43,4,4000,8680,2,1,0,52
1,33,35,1,7200,8770,2,1,0,37
3,40,43,1,1460,6070,1,1,0,47
2,40,39,6,5240,7680,1,1,0,27
1,40,40,6,7200,8770,1,1,0,44
1,40,41,6,7140,6290,1,1,0,61
1,50,43,1,6220,770,2,1,0,64
1,40,42,1,5340,6880,1,1,0,27
1,40,39,1,6355,770,1,1,0,29
1,40,39,5,8740,3980,1,1,0,29
4,25,34,4,7150,8770,2,1,0,68
1,38,42,1,3645,8190,1,1,0,43
1,40,39,1,4850,4070,1,1,0,44
1,37,36,1,4020,8270,1,1,0,39
1,40,43,6,2010,9480,1,1,0,37
1,36,43,6,3255,8190,1,1,0,26
1,40,42,1,160,6180,1,1,0,63
1,3,43,1,3255,8180,1,1,4,59
1,11,39,6,5550,6370,1,1,0,44
1,50,43,1,1740,2070,1,1,0,57
1,25,41,6,2720,7890,1,1,0,24
1,35,39,4,4220,7860,1,2,0,57
1,40,35,1,3600,8270,1,2,0,40
1,55,42,4,1430,3390,1,1,0,50
1,15,41,6,1050,7870,1,1,0,23
1,40,39,6,6355,770,2,2,0,38
1,20,44,6,8740,3990,1,1,19,54
1,47,36,6,4020,8680,1,1,0,21
1,10,43,1,2340,9160,1,1,0,33
1,40,43,1,2040,9160,1,1,0,34
1,30,39,1,5110,7970,1,1,0,59
1,40,39,1,4710,8770,1,1,0,68
1,60,44,6,2310,7860,1,1,0,51
1,40,39,6,5300,8660,1,2,0,43
1,40,39,1,8740,3570,1,2,0,47
1,40,43,1,2550,9370,1,2,0,38
1,16,44,1,3110,8090,2,1,0,51
1,30,45,1,2330,7860,1,2,0,59
1,2,43,1,10,7860,1,1,0,62
1,37,39,6,110,7860,1,1,0,35
1,69,44,1,10,9480,1,1,0,54
1,10,43,1,310,8680,2,1,0,50
1,65,36,3,5600,6170,1,1,0,73
1,38,39,1,2200,7890,1,2,0,62
1,40,34,1,430,770,2,2,0,63
1,40,41,1,6210,770,1,1,0,55
1,40,39,1,5400,6170,1,1,0,57
1,40,34,1,8650,1180,1,1,0,50
1,15,42,1,5120,770,2,1,0,45
1,48,42,1,5620,4970,1,1,0,51
1,40,39,6,4250,7770,2,1,0,19
1,48,41,1,3800,9470,1,1,0,36
1,16,41,1,3645,8190,1,1,0,33
1,40,39,1,9130,770,1,2,0,62
1,40,39,1,8140,770,1,2,0,50
1,40,39,1,5160,6870,1,2,18,49
1,35,43,6,4420,8560,1,1,0,61
1,40,39,1,4350,290,2,2,0,53
1,45,39,1,910,6870,1,2,0,51
1,35,42,6,220,770,2,1,0,27
1,55,43,6,1540,770,1,1,0,24
1,40,39,1,6320,770,1,1,0,40
1,40,39,1,5120,770,1,1,0,38
2,30,39,1,3655,8270,1,1,0,62
1,36,39,4,7750,2280,1,1,0,50
1,55,39,5,4240,7690,1,1,0,31
1,13,39,1,4220,7690,2,1,0,67
1,12,39,1,230,7860,1,1,0,42
1,65,43,1,430,6990,1,1,0,42
1,12,37,6,4600,9290,2,1,0,17
1,10,35,6,4600,9290,2,1,0,16
1,10,31,6,2720,7890,1,1,0,15
1,45,42,1,650,6380,1,1,0,59
1,40,40,6,160,5580,1,1,0,27
1,40,41,4,9130,4470,1,1,0,61
1,24,41,6,2340,8090,1,1,0,20
2,8,36,1,4740,9070,1,1,0,34
2,50,36,1,8720,8870,1,1,0,36
2,38,43,4,1106,7860,1,1,0,50
2,10,40,6,4720,5275,1,1,0,18
1,26,43,1,3255,8370,1,1,0,62
1,15,41,1,4600,8470,2,1,0,58
1,60,42,6,4000,8660,1,1,0,36
2,4,44,1,2630,3680,1,1,0,39
2,37,39,1,5700,7860,1,1,0,38
1,69,42,1,430,7270,1,1,0,52
1,40,43,1,7340,9170,1,1,0,46
1,25,40,1,4920,7070,1,1,0,59
1,60,42,1,7800,8680,1,1,0,59
1,3,43,1,4620,8590,1,1,0,43
1,40,44,1,740,3590,1,1,0,58
1,15,43,1,50,7070,1,1,0,50
1,30,41,4,3300,8190,1,1,13,63
1,40,40,6,4200,7690,1,1,0,39
1,40,41,6,3930,7680,1,1,0,25
2,50,44,2,520,5275,2,1,0,48
1,69,46,1,3060,7970,1,1,0,63
1,40,39,1,3930,7680,1,1,0,34
1,40,43,6,1530,6380,1,1,0,31
1,40,43,6,726,9170,1,1,0,27
2,69,37,1,8810,8770,1,1,0,34
2,40,39,1,3600,8290,1,1,5,33
1,30,40,5,2300,7860,1,1,0,45
1,10,40,6,4600,8470,1,1,0,21
1,36,42,1,3320,8190,1,1,0,59
1,40,44,6,5250,9480,1,1,0,32
1,40,43,1,1360,8380,1,1,0,30
1,40,39,1,1006,7680,1,1,0,31
1,10,43,1,430,6570,2,1,0,82
1,5,44,1,4420,8560,1,1,0,75
1,40,39,5,1920,2280,1,1,0,32
1,40,41,6,7750,7580,1,1,0,55
1,40,44,1,300,3380,1,1,0,64
1,40,44,1,2630,7370,2,1,0,63
1,50,44,1,5420,7870,1,1,0,31
1,40,43,1,4920,7070,2,1,0,35
1,27,41,4,4720,4870,1,1,30,41
1,40,39,1,7700,1270,1,1,0,63
1,50,43,6,2016,8380,1,1,0,38
2,40,43,6,430,8590,1,1,0,59
1,40,41,1,5000,8990,1,1,0,54
1,40,42,1,6355,8190,1,1,0,59
1,40,41,1,5240,8190,1,1,0,60
2,20,36,5,4030,4970,1,1,0,52
2,40,43,6,2440,6770,1,1,0,42
1,30,35,6,6600,770,1,1,0,30
1,40,39,1,350,8190,1,1,0,77
1,40,43,1,110,8190,1,1,0,61
1,40,46,1,350,7870,1,1,0,63
1,25,41,6,4060,8570,1,1,0,22
1,40,43,1,3255,8190,1,1,0,58
1,40,41,1,5700,3580,1,1,0,74
1,40,46,1,1020,3380,1,1,0,28
1,40,43,4,2850,770,1,1,0,57
1,45,44,6,1430,3390,1,1,0,74
1,25,43,4,4350,9090,2,1,0,57
1,40,44,1,3258,7870,1,1,0,64
1,50,44,1,205,170,2,1,0,66
1,20,43,4,5110,7690,2,1,0,52
1,20,41,6,4110,8680,1,1,0,22
3,40,46,1,2200,7870,1,1,0,64
1,40,46,1,3060,8190,1,1,0,58
1,60,43,6,1520,380,1,1,0,58
1,40,43,1,4760,4670,1,1,0,47
1,40,43,1,430,7790,1,1,0,42
1,40,39,6,7750,3380,1,1,0,23
1,34,37,1,3930,7680,1,1,0,76
2,50,39,1,9620,2290,1,1,0,54
2,35,39,1,4020,7860,1,1,0,51
2,30,39,5,4250,7770,1,1,0,27
4,15,39,6,4760,5170,1,1,3,38
1,28,37,1,4210,7770,2,1,0,58
1,32,41,3,4230,7860,1,1,10,55
1,30,39,6,6420,770,2,1,0,53
2,40,43,1,7220,6180,1,1,0,47
2,40,39,1,9610,7690,1,1,0,38
2,40,39,6,4200,7690,1,1,0,22
1,40,44,1,4430,8590,1,1,0,30
1,50,43,1,710,7390,1,1,0,29
1,55,44,1,10,7380,1,1,0,55
1,40,43,6,4000,8680,1,1,0,31
1,40,43,6,4700,5370,1,1,0,33
1,40,43,1,1020,7380,1,1,0,62
1,30,43,6,4700,5170,1,1,0,31
1,60,44,1,2320,7860,1,1,0,62
1,40,43,1,220,770,1,1,0,62
1,43,43,4,110,9570,1,1,0,55
1,40,41,4,430,190,1,1,0,52
1,37,41,4,9600,4580,1,1,0,67
3,40,46,1,1800,6890,1,1,0,57
1,40,43,6,1030,7380,1,1,0,24
1,50,40,1,9840,9890,1,1,0,41
1,30,44,1,430,7460,1,1,0,43
1,40,39,4,2145,7190,1,1,0,61
4,35,40,6,4030,1190,1,1,0,20
1,40,45,4,430,7460,1,1,0,41
1,45,39,4,4010,8190,1,1,3,63
2,40,42,1,2300,8470,1,1,0,58
2,40,39,1,9130,770,1,1,0,60
1,45,40,4,5240,5480,1,1,0,49
1,40,42,3,1530,7290,1,1,0,73
2,40,43,1,5860,570,1,1,0,55
1,40,44,6,850,6970,1,1,0,31
1,2,41,1,6050,180,1,1,18,56
1,48,43,1,205,180,1,1,0,58
1,40,41,6,2320,7860,1,1,0,23
1,69,39,1,6840,490,1,1,0,32
1,40,42,1,3255,7860,1,1,0,27
1,40,43,4,3850,9380,1,1,0,58
1,44,43,1,3255,8190,1,1,0,52
1,40,44,1,430,8190,1,1,0,55
1,25,39,1,4720,5580,1,1,0,62
1,40,41,1,1550,8870,1,1,0,63
3,40,39,1,4240,7690,1,1,0,64
3,34,39,1,5240,8680,1,1,0,39
1,22,43,1,2600,8560,2,1,0,57
1,32,39,6,4020,8680,1,1,0,26
1,45,44,1,1300,7290,1,1,0,50
1,69,45,1,2100,7270,2,1,0,49
1,30,43,1,2830,7380,1,1,0,34
1,5,43,1,4620,8590,1,1,0,34
2,40,39,6,5620,5380,1,1,0,22
2,40,39,6,3600,8190,1,1,0,44
1,40,45,6,2100,9370,1,1,0,35
1,30,39,4,4030,8660,1,1,0,70
2,40,37,2,4230,7690,1,1,0,37
2,20,40,6,4110,8680,1,1,0,20
3,40,43,6,4010,8660,1,1,0,25
3,50,43,6,5000,8660,1,1,0,30
2,40,43,1,5620,9590,1,1,0,37
1,25,41,4,9120,6180,1,1,3,49
2,25,41,6,4010,8680,1,1,0,38
1,45,42,4,350,8090,1,1,0,52
2,20,37,6,5560,6370,1,1,0,41
2,40,42,1,4610,8170,1,1,0,52
2,25,42,1,4700,4970,1,1,0,53
2,40,43,6,3930,7680,1,1,0,28
1,40,40,5,7330,3190,1,1,0,27
4,40,41,1,2630,7370,2,1,0,64
3,40,44,1,4760,5070,1,1,0,49
1,50,43,6,150,4970,1,1,0,25
1,37,43,6,5800,7870,1,1,0,25
2,40,39,1,9620,6170,1,1,0,35
1,40,43,1,630,7590,1,1,0,31
1,45,43,1,160,4770,1,1,0,34
2,40,41,4,9410,3570,1,1,0,46
1,39,43,1,5700,7580,1,1,0,63
1,10,44,4,4110,8680,1,1,0,27
1,30,46,6,3010,7980,1,1,0,30
1,20,46,6,3010,8190,1,1,0,33
1,40,42,4,1020,6990,1,1,0,53
2,40,38,4,9600,5580,1,1,30,54
2,40,43,6,7750,3570,1,1,0,22
1,69,44,4,410,8370,1,1,0,70
1,0,39,6,2720,8590,2,2,0,21
1,40,39,4,10,4870,2,1,0,52
3,40,43,1,3255,8270,1,1,0,37
1,40,41,1,7420,770,1,1,0,36
1,40,42,4,9130,6370,1,1,0,49
1,50,43,1,430,3470,1,1,0,28
1,40,39,3,5860,1990,1,1,0,61
1,42,42,6,1550,2370,1,1,0,35
1,40,42,4,160,7680,1,1,0,31
1,50,43,4,1760,7870,1,1,0,52
1,40,44,1,5700,7070,1,1,0,28
1,45,43,1,430,1370,1,1,0,29
1,40,42,1,1020,8190,1,1,19,34
2,10,41,1,3535,8190,1,1,0,49
2,40,41,1,4400,8590,1,1,0,47
1,69,40,1,6355,9180,1,1,0,40
1,15,39,6,160,7680,1,1,0,25
1,50,39,1,1107,6695,1,1,0,51
2,65,41,6,4700,4670,1,1,25,47
1,0,39,1,4500,8970,2,1,0,87
1,45,44,4,1650,7460,1,1,0,60
1,69,46,1,3060,7970,1,1,0,53
2,40,43,1,2145,8370,1,1,0,45
2,56,43,1,3740,9470,1,1,0,42
1,25,43,1,310,8680,2,1,0,54
2,32,42,6,3500,8270,1,1,0,32
2,45,39,1,9620,4480,1,1,0,52
2,3,42,1,4110,8660,1,1,0,54
2,40,42,4,5240,2190,1,1,0,31
2,19,43,1,4760,5280,1,1,0,69
1,30,41,1,5860,7870,1,1,0,30
1,40,43,1,4710,4560,1,1,0,34
1,39,39,1,5860,7870,1,1,0,29
1,28,39,6,5350,5170,1,2,0,20
1,5,34,1,7330,8870,2,2,0,77
1,40,43,6,4620,8670,1,2,0,22
2,12,42,4,3255,7970,1,1,4,71
1,20,35,6,9640,6390,1,1,0,18
1,5,39,4,7340,8070,1,1,0,67
1,46,39,1,3930,9590,1,2,0,38
2,40,42,6,7140,6070,1,1,0,24
1,40,43,1,3300,8180,1,1,0,31
1,55,43,1,1430,6380,1,1,0,36
1,20,39,6,4720,8680,1,1,0,19
2,60,41,1,120,4670,1,1,0,32
2,40,43,1,120,6870,1,1,0,31
1,60,43,6,310,8680,1,1,0,30
1,60,45,6,310,8680,1,1,0,27
1,22,41,1,4720,5380,1,2,0,29
1,40,43,1,160,5080,1,2,0,38
1,24,42,1,9840,9890,1,1,0,45
1,50,44,1,9840,9590,1,1,0,40
1,40,39,1,430,7580,1,2,0,32
1,50,45,1,2040,9160,1,2,0,58
1,40,44,1,2310,7860,1,2,0,55
1,69,43,1,310,8680,2,2,0,56
1,55,39,1,310,8680,2,2,0,59
1,40,39,1,4230,8270,1,2,0,61
1,40,44,4,430,9590,1,1,0,48
1,20,35,6,4030,8680,1,1,0,16
1,30,40,1,850,6970,1,1,0,79
1,50,46,1,1820,8190,1,1,0,62
1,69,39,1,205,170,2,2,0,47
1,20,39,1,5160,6870,1,2,0,56
1,25,39,1,4220,7690,2,2,0,60
1,40,43,1,60,4670,1,1,0,48
1,20,31,6,9640,6390,1,1,0,15
1,50,39,6,5000,6670,1,2,0,44
1,38,42,6,5110,770,1,2,0,29
1,55,44,4,120,8190,1,1,0,58
1,30,41,4,4510,8980,2,1,10,49
1,40,39,1,7330,2290,1,2,0,66
1,40,44,6,1105,8590,1,2,0,33
1,40,42,3,7130,7680,1,2,0,48
1,32,39,6,7700,2980,1,2,0,26
1,40,39,4,4710,6190,1,1,0,63
1,40,45,6,4700,5170,1,1,0,35
1,20,43,4,2040,9160,1,2,0,52
1,40,40,6,6320,470,1,2,0,24
1,35,45,6,2100,7270,2,2,0,83
1,45,39,6,9130,4570,1,2,0,35
1,20,34,1,9120,7860,1,1,0,74
1,1,39,1,2540,7860,1,1,0,69
1,45,39,1,4710,4195,1,2,0,59
1,40,36,4,9130,770,1,1,0,53
1,30,39,4,5860,6380,1,1,0,50
1,30,35,6,4250,8590,1,1,0,24
1,30,39,1,9120,7860,1,1,0,48
2,40,40,1,7020,770,1,1,0,60
2,32,39,6,4720,4970,1,1,0,20
1,60,39,1,9510,770,2,1,0,58
2,40,46,1,2200,7870,1,1,0,44
2,36,43,1,3255,8190,1,1,0,37
1,20,41,3,9150,4670,1,2,0,66
1,40,40,4,9130,770,1,1,0,40
1,20,39,1,4940,5580,2,1,19,48
1,40,42,1,7410,570,1,2,0,41
1,32,43,1,3310,7980,1,2,0,40
1,40,36,6,6230,770,1,2,0,50
1,40,39,1,1965,7460,1,2,0,56
1,67,39,1,9130,1190,1,2,0,43
1,40,39,1,1020,6990,1,2,0,46
1,12,37,6,4030,7870,1,2,0,18
1,22,42,1,4720,8680,1,2,0,32
1,32,34,1,5110,5380,1,1,18,49
1,40,39,1,6220,770,1,1,0,51
1,40,34,3,4020,8680,1,2,0,70
1,21,40,1,4760,7860,1,2,0,52
1,40,42,1,7100,570,1,2,0,47
1,40,39,1,1020,6990,1,2,0,45
1,40,39,1,6230,770,2,2,0,61
1,37,39,1,4700,5370,1,2,0,59
1,40,39,6,7630,8590,1,2,0,38
2,40,43,1,800,8190,1,1,0,50
2,60,43,1,20,8660,1,1,0,48
3,60,31,1,9360,4970,1,1,0,55
1,40,39,6,9130,7790,1,1,0,38
1,20,39,1,5860,380,1,2,0,66
1,24,39,1,7260,8870,2,2,0,68
1,40,39,4,630,8180,1,2,0,42
1,20,36,1,9120,7860,1,2,4,66
2,30,40,1,4110,8680,1,1,0,32
1,40,39,1,8540,3895,1,2,0,54
1,40,36,1,310,8680,1,2,0,58
1,40,39,6,530,3190,1,2,0,23
1,45,45,1,2330,7860,1,1,0,39
1,40,41,1,7700,570,1,1,0,38
2,60,39,4,4600,8470,2,1,0,54
2,40,41,6,4720,4970,1,1,0,21
2,50,41,1,3800,9470,1,1,0,56
1,40,42,5,1020,6870,1,1,0,31
2,40,39,4,5810,6870,1,1,0,36
2,69,40,6,3800,9470,1,1,0,24
1,40,41,1,5240,9380,1,1,0,60
1,40,43,1,5860,7390,1,1,0,62
1,16,40,1,9150,4670,1,1,0,66
1,60,43,1,4930,7380,1,1,0,52
1,5,43,1,3255,8180,1,1,0,57
1,40,41,6,530,3190,1,1,0,23
1,25,42,1,9620,6380,1,1,0,55
1,45,44,6,150,2670,1,1,0,53
1,40,36,1,9130,2370,1,1,0,51
1,69,40,1,9130,6170,1,2,0,49
1,35,37,6,7750,3570,1,2,0,18
1,15,39,4,6230,770,2,2,4,52
1,40,43,2,1006,9480,1,1,0,44
1,50,40,4,160,2390,1,1,0,47
1,40,39,1,6355,770,1,1,0,28
1,40,43,1,1965,7460,1,1,0,23
1,50,39,1,7000,570,1,1,0,57
1,40,39,1,430,3895,1,1,0,53
1,40,39,6,4430,8270,1,1,0,25
1,25,39,1,3930,380,1,1,30,44
1,30,39,6,2320,7860,1,1,0,24
1,40,46,1,1820,9590,1,1,36,58
1,2,40,1,4760,5380,1,1,0,73
1,40,35,1,7420,6680,1,2,0,42
1,40,42,1,9840,9590,1,1,0,50
1,40,44,1,3258,8090,1,1,0,49
2,48,39,1,8030,1480,1,1,0,55
2,43,39,1,4610,8170,1,1,0,54
1,45,43,4,2310,7860,1,2,0,45
1,40,43,1,6230,770,1,2,0,39
1,40,42,4,7630,7070,2,2,0,50
1,40,39,1,20,770,1,2,0,51
1,40,41,6,6230,770,1,2,0,25
1,30,39,3,7160,8770,2,1,0,43
2,40,44,1,5000,9480,1,1,0,56
3,40,46,1,2200,7870,1,1,0,63
3,60,42,1,8350,8880,1,1,0,62
2,22,36,4,5400,6970,1,1,3,67
1,50,44,1,710,7390,2,1,0,62
1,45,43,6,830,6870,1,1,0,34
1,32,44,3,2310,7680,1,1,0,64
1,40,39,1,3645,8180,1,1,0,39
1,40,39,1,4220,6770,1,1,0,41
1,26,36,6,9620,4970,1,1,0,18
1,15,33,1,4230,7690,1,1,0,45
1,40,46,4,735,7490,1,1,0,46
1,20,36,4,2825,9170,1,2,0,25
2,45,42,6,530,3190,1,1,0,41
1,50,41,6,310,8680,1,1,0,24
1,37,43,1,4800,6480,1,1,0,41
1,40,33,2,6260,770,1,2,0,39
1,69,43,6,4210,7770,2,1,0,30
1,42,43,6,100,5590,1,1,0,28
2,25,39,1,4230,8190,1,1,0,63
1,40,39,6,630,3895,1,1,0,46
1,40,43,4,120,7860,1,1,0,37
1,40,43,4,800,7070,1,1,0,51
1,35,39,6,3640,7980,1,1,0,21
